<?xml version="1.0" encoding="utf-8" ?>
<Defs>
  
  <JobDef>
    <defName>GraffitiMod_CleanJob</defName>
    <driverClass>GraffitiMod.JobDriver_CleanGraffiti</driverClass>
    <reportString>cleaning TargetA.</reportString>
    <taleOnCompletion>GraffitiMod_Clean</taleOnCompletion>
    <allowOpportunisticPrefix>true</allowOpportunisticPrefix>
  </JobDef>

  <WorkGiverDef>
    <defName>GraffitiMod_CleanWork</defName>
    <label>clean graffiti</label>
    <giverClass>GraffitiMod.WorkGiver_CleanGraffiti</giverClass>
    <workType>Cleaning</workType>
    <verb>clean</verb>
    <gerund>cleaning</gerund>
    <priorityInType>80</priorityInType>
    <requiredCapacities>
      <li>Manipulation</li>
    </requiredCapacities>
  </WorkGiverDef>

  
</Defs>